{"cameraMode":{"drawMode":0,"name":"Shaded","section":"Shading Mode"},"sceneLighting":false,"audioPlay":false,"sceneViewState":{"m_AlwaysRefresh":false,"showFog":true,"showSkybox":false,"showFlares":true,"showImageEffects":true,"showParticleSystems":true,"showVisualEffectGraphs":true,"m_FxEnabled":true},"in2DMode":false,"pivot":{"x":-2.6608924865722658,"y":21.661529541015626,"z":6.858551025390625},"rotation":{"x":0.013766893185675145,"y":0.9306139349937439,"z":-0.36405667662620547,"w":0.035190287977457049},"size":52.49577713012695,"orthographic":true}